{
  "train_loss": [
    0.6741223931312561,
    0.6455966234207153,
    0.6293244957923889,
    0.6275365352630615,
    0.6064606308937073,
    0.6042346358299255,
    0.6021933555603027,
    0.5942864418029785,
    0.5998300909996033,
    0.5916872620582581,
    0.5763323307037354,
    0.5984136462211609,
    0.5832279920578003,
    0.5855088829994202,
    0.6017845273017883,
    0.5851386189460754,
    0.5794268250465393,
    0.6014567613601685,
    0.6059956550598145,
    0.5718926787376404,
    0.583540678024292,
    0.5726454854011536,
    0.5772175192832947,
    0.5754839777946472,
    0.5863302946090698,
    0.5624223351478577,
    0.6035813093185425,
    0.5931990742683411,
    0.5684042572975159,
    0.5671002864837646,
    0.5788367390632629,
    0.5694196224212646,
    0.5665119886398315,
    0.5738232135772705,
    0.5665500164031982,
    0.564415693283081,
    0.5658425688743591,
    0.5748634338378906,
    0.5713508725166321,
    0.5658040642738342,
    0.5651451349258423,
    0.5798195600509644,
    0.5657019019126892,
    0.5704001188278198,
    0.5693073868751526,
    0.5748484134674072,
    0.5784846544265747,
    0.5544342994689941,
    0.5563327074050903,
    0.5573327541351318,
    0.564380943775177,
    0.5587299466133118,
    0.5551211833953857,
    0.5750012397766113,
    0.573790967464447,
    0.5621218681335449,
    0.5738121271133423,
    0.5700542330741882,
    0.5889459848403931,
    0.5572918653488159,
    0.5620426535606384,
    0.5530489087104797,
    0.5602869391441345,
    0.5503450632095337,
    0.5675591826438904,
    0.5627703666687012
  ],
  "train_auc": [
    0.5931206339179549,
    0.7294074204815697,
    0.7508871507134363,
    0.7267273892687277,
    0.7300646551724138,
    0.7271105826397146,
    0.7274960983947681,
    0.7304966186087991,
    0.7282206822235434,
    0.7373662306777646,
    0.7651930365636147,
    0.7412515792211654,
    0.7631957862663495,
    0.7481002898335315,
    0.7359077734839476,
    0.7497677615933412,
    0.7561705744649228,
    0.7415000743162901,
    0.7579843564209274,
    0.7633258397740784,
    0.7625130053507729,
    0.7626616379310345,
    0.7672413793103449,
    0.7610034557074911,
    0.7576592226516052,
    0.7749191810344829,
    0.7655088807966706,
    0.7636974212247324,
    0.7773135590071344,
    0.770515940844233,
    0.7815751337693222,
    0.7721230306183116,
    0.776623810939358,
    0.7753581116230678,
    0.7745731458085612,
    0.7671438391795482,
    0.7709873848097504,
    0.773967003567182,
    0.7619138302615935,
    0.7732772554994055,
    0.7666677504458977,
    0.7830475252675386,
    0.7689367196789536,
    0.771124405469679,
    0.7723413347205709,
    0.7667722577288942,
    0.7573201545778836,
    0.7812778686087991,
    0.7778314506539834,
    0.7823786786563616,
    0.7707714030915576,
    0.7734932372175982,
    0.7777478448275862,
    0.7615468935790726,
    0.7679473840665874,
    0.7807483650416172,
    0.7750562016944114,
    0.7819327809155767,
    0.7840066698870392,
    0.7886816290130796,
    0.7913988183709869,
    0.791240896254459,
    0.7841599472354341,
    0.7795918177764566,
    0.783135775862069,
    0.7714123810939357
  ],
  "val_loss": [
    0.6113725304603577,
    0.5898772478103638,
    0.5786291360855103,
    0.5765228271484375,
    0.5727881789207458,
    0.5660022497177124,
    0.5552573800086975,
    0.5425258874893188,
    0.5295407176017761,
    0.5188556909561157,
    0.5121721625328064,
    0.5069817900657654,
    0.5015166401863098,
    0.4971187710762024,
    0.4898609220981598,
    0.48753148317337036,
    0.4870648682117462,
    0.49061399698257446,
    0.4971160888671875,
    0.500178337097168,
    0.5023483633995056,
    0.501311182975769,
    0.49882254004478455,
    0.49487513303756714,
    0.4920749366283417,
    0.4888709485530853,
    0.48938480019569397,
    0.4914025068283081,
    0.49149245023727417,
    0.49023881554603577,
    0.48813968896865845,
    0.4825142025947571,
    0.47794079780578613,
    0.4757530093193054,
    0.4742797613143921,
    0.4740595817565918,
    0.47471633553504944,
    0.47570469975471497,
    0.4778176248073578,
    0.4804607331752777,
    0.4837127923965454,
    0.49041515588760376,
    0.4943279027938843,
    0.48510780930519104,
    0.4797098636627197,
    0.47821885347366333,
    0.47744840383529663,
    0.4754556119441986,
    0.4754641354084015,
    0.4755394756793976,
    0.47389763593673706,
    0.47158536314964294,
    0.4700355529785156,
    0.46858662366867065,
    0.4694385826587677,
    0.4743350148200989,
    0.4793934226036072,
    0.4851025640964508,
    0.49272218346595764,
    0.4938918948173523,
    0.4865267276763916,
    0.4748314619064331,
    0.4662410318851471,
    0.46221885085105896,
    0.46213969588279724,
    0.4625653326511383
  ],
  "val_auc": [
    0.8325170900928477,
    0.8328231813080298,
    0.8356800326497296,
    0.8048668503213958,
    0.798847056422814,
    0.8050709111315172,
    0.8149678604224058,
    0.8364962758902152,
    0.8468013468013468,
    0.8481277420671359,
    0.8476175900418325,
    0.8486378940924396,
    0.8486378940924396,
    0.849862258953168,
    0.8503724109784716,
    0.8508825630037752,
    0.8518008366493215,
    0.8519028670543821,
    0.8521069278645036,
    0.85302520151005,
    0.8539434751555963,
    0.8542495663707784,
    0.8539434751555964,
    0.8556779920416284,
    0.8550658096112641,
    0.8544536271808999,
    0.85302520151005,
    0.8525150494847464,
    0.854759718396082,
    0.8561881440669319,
    0.8566982960922355,
    0.8553719008264462,
    0.8553719008264462,
    0.8545556575859606,
    0.854759718396082,
    0.8555759616365677,
    0.8553719008264463,
    0.855167840016325,
    0.8564942352821141,
    0.8578206305479033,
    0.8584328129782675,
    0.8585348433833282,
    0.8583307825732069,
    0.8588409345985104,
    0.8594531170288746,
    0.8600652994592388,
    0.8595551474339354,
    0.8569023569023569,
    0.8556779920416284,
    0.8560861136618713,
    0.8562901744719927,
    0.8573104785225998,
    0.8569023569023569,
    0.8562901744719927,
    0.8566982960922355,
    0.8570043873074177,
    0.8585348433833282,
    0.8582287521681462,
    0.8599632690541782,
    0.8595551474339354,
    0.8598612386491175,
    0.8587389041934497,
    0.8583307825732067,
    0.8578206305479033,
    0.8570043873074176,
    0.8563922048770534
  ],